[{"projectId":"2c281b8f-3587-4081-a51f-555e218781e0","conditions":{},"updated":1643784833732,"permissions":{"Version":"2012-10-17","Statement":[{"Resource":["ts:project:2c281b8f-3587-4081-a51f-555e218781e0"],"Effect":"Allow","Action":["project:*"]},{"Resource":["ts:content-type:2c281b8f-3587-4081-a51f-555e218781e0:*"],"Effect":"Allow","Action":["content-type:*"]},{"Resource":["ts:site:2c281b8f-3587-4081-a51f-555e218781e0:*"],"Effect":"Allow","Action":["site:*"]},{"Resource":["ts:webhook:2c281b8f-3587-4081-a51f-555e218781e0:*"],"Effect":"Allow","Action":["webhook:*"]},{"Resource":["ts:workflow:2c281b8f-3587-4081-a51f-555e218781e0:*"],"Effect":"Allow","Action":["workflow:*"]},{"Resource":["ts:workflow-step:2c281b8f-3587-4081-a51f-555e218781e0:*"],"Effect":"Allow","Action":["workflow-step:*"]},{"Resource":["ts:lock:2c281b8f-3587-4081-a51f-555e218781e0:*"],"Effect":"Allow","Action":["lock:*"]},{"Resource":["ts:project-member:2c281b8f-3587-4081-a51f-555e218781e0:*"],"Effect":"Allow","Action":["project-member:*"]},{"Resource":["ts:role:2c281b8f-3587-4081-a51f-555e218781e0:*"],"Effect":"Allow","Action":["role:*"]},{"Resource":["ts:api-key:2c281b8f-3587-4081-a51f-555e218781e0:*"],"Effect":"Allow","Action":["api-key:*"]},{"Resource":["ts:project-billing:2c281b8f-3587-4081-a51f-555e218781e0"],"Effect":"Allow","Action":["project-billing:*"]},{"Resource":["ts:graphql:2c281b8f-3587-4081-a51f-555e218781e0:Query.*"],"Effect":"Allow","Action":["graphql:execute"]},{"Resource":["ts:graphql:2c281b8f-3587-4081-a51f-555e218781e0:Mutation.*"],"Effect":"Allow","Action":["graphql:execute"]},{"Resource":["ts:shape:2c281b8f-3587-4081-a51f-555e218781e0:*"],"Effect":"Allow","Action":["shape:query"]}]},"created":1643784833732,"name":"AllAccess"}]